title,link,source,published,summary,Raw Blog Content,full_links,rating,weight,total_score
The Last of Us: Part I and Part II Scripts,https://www.ign.com/articles/where-to-preorder-the-last-of-us-part-1-and-part-2-scripts-hardcover-volume,IGN,2025-07-25 14:25:42,The Last of Us: Part I and Part II Scripts is a hardcover book containing both game's scripts that's now available to preorder for $66.63. It's set to release on December 16.,881dc1a9c6e4fd56,"['https://wptavern.com/podcast/178-adam-silverstein-explores-transformative-browser-features-impacting-wordpress-sites', 'https://wptavern.com/', 'https://wptavern.com/category/news', 'https://wptavern.com/category/opinion', 'https://wptavern.com/category/plugins', 'https://wptavern.com/category/themes', 'https://wptavern.com/category/wordcamps-meetups', 'https://wptavern.com/forums', 'https://wptavern.com/podcast', 'https://wptavern.com/contact']",23,59,1357
#178 – Adam Silverstein Explores Transformative Browser Features Impacting WordPress Sites,https://wptavern.com/podcast/178-adam-silverstein-explores-transformative-browser-features-impacting-wordpress-sites,WP Tavern,2025-07-23 14:00:00,"On the podcast today we have Adam Silverstein. He's here to discuss how new browser APIs and web technologies are transforming the WordPress experience. Adam explains advancements like the Popover API, Scroll Animations, CSS carousels, customisable selects, view transitions, and speculative loading, many of which reduce reliance on heavy JavaScript and improve accessibility, performance, and user experience. He also touches upon modern image formats, browser-based image processing, and running AI directly in the browser. Adam highlights the growing collaboration among browser vendors and encourages developers to engage in shaping browser standards for the open web. Whether you’re a theme designer, plugin developer, or site owner simply curious about what’s next, this episode is for you.","Focus Reset
[](https://www.ign.com/ ""IGN"")
[Skip to content](https://www.ign.com/articles/where-to-preorder-the-last-of-us-part-1-and-part-2-scripts-hardcover-volume#page ""Skip to content"")
[IGN Plus](https://www.ign.com/plus ""IGN Plus"")
[Home](https://www.ign.com/ ""Home"")
Search
Reviews
News
[Guides](https://www.ign.com/wikis ""Guides"")[Interactive Maps](https://www.ign.com/maps ""Interactive Maps"")[Playlist](https://www.ign.com/playlist ""Playlist"")
Discover
[Store](https://store.ign.com/ ""Store"")[Rewards](https://www.ign.com/rewards ""Rewards"")
Videos
[Privacy Policy](https://www.ign.com/privacy-policy ""Privacy Policy"")[Terms of Use](https://www.ziffdavis.com/terms-of-use ""Terms of Use"")
More
### Site Themes
Classic
Dark Mode
Automatic
Based on system preferences
### Change Region
[Africa (opens in a new window)](https://www.ign.com/?setccpref=ZA ""Africa \(opens in a new window\)"")[Adria](https://adria.ign.com/ ""Adria"")[Australia (opens in a new window)](https://www.ign.com/?setccpref=AU ""Australia \(opens in a new window\)"")[Benelux (opens in a new window)](https://www.ign.com/?setccpref=NL ""Benelux \(opens in a new window\)"")[Brazil (opens in a new window)](https://www.ign.com/?setccpref=BR ""Brazil \(opens in a new window\)"")[Canada (opens in a new window)](https://www.ign.com/?setccpref=CA ""Canada \(opens in a new window\)"")[China (opens in a new window)](https://www.ign.com/?setccpref=CN ""China \(opens in a new window\)"")[Czech / Slovakia (opens in a new window)](https://www.ign.com/?setccpref=CZ ""Czech / Slovakia \(opens in a new window\)"")[France (opens in a new window)](https://www.ign.com/?setccpref=FR ""France \(opens in a new window\)"")[Germany (opens in a new window)](https://www.ign.com/?setccpref=DE ""Germany \(opens in a new window\)"")[Greece (opens in a new window)](https://www.ign.com/?setccpref=GR ""Greece \(opens in a new window\)"")[Hungary (opens in a new window)](https://www.ign.com/?setccpref=HU ""Hungary \(opens in a new window\)"")[India (opens in a new window)](https://www.ign.com/?setccpref=IN ""India \(opens in a new window\)"")[Ireland (opens in a new window)](https://www.ign.com/?setccpref=IE ""Ireland \(opens in a new window\)"")[Israel (opens in a new window)](https://www.ign.com/?setccpref=IL ""Israel \(opens in a new window\)"")[Italy (opens in a new window)](https://www.ign.com/?setccpref=IT ""Italy \(opens in a new window\)"")[Japan (opens in a new window)](https://www.ign.com/?setccpref=JP ""Japan \(opens in a new window\)"")[Latin America](https://latam.ign.com/ ""Latin America"")[Middle East - English](https://me.ign.com/en ""Middle East - English"")[Middle East - Arabic](https://me.ign.com/ar ""Middle East - Arabic"")[Nordic](https://nordic.ign.com/ ""Nordic"")[Pakistan (opens in a new window)](https://www.ign.com/?setccpref=PK ""Pakistan \(opens in a new window\)"")[Poland (opens in a new window)](https://www.ign.com/?setccpref=PL ""Poland \(opens in a new window\)"")[Portugal (opens in a new window)](https://www.ign.com/?setccpref=PT ""Portugal \(opens in a new window\)"")[Romania (opens in a new window)](https://www.ign.com/?setccpref=RO ""Romania \(opens in a new window\)"")[Southeast Asia](https://sea.ign.com/ ""Southeast Asia"")[Spain (opens in a new window)](https://www.ign.com/?setccpref=ES ""Spain \(opens in a new window\)"")[Turkey (opens in a new window)](https://www.ign.com/?setccpref=TR ""Turkey \(opens in a new window\)"")[United Kingdom (opens in a new window)](https://www.ign.com/?setccpref=UK ""United Kingdom \(opens in a new window\)"")[United States (opens in a new window)](https://www.ign.com/?setccpref=US ""United States \(opens in a new window\)"")
### More
[IGN on social](https://www.ign.com/wikis/ign-community-central/How_to_Follow_IGN ""IGN on social"")
Site Themes
Change Region
[About Us](https://corp.ign.com/ ""About Us"")[Accessibility](https://www.ziffdavis.com/accessibility ""Accessibility"")
AdChoices![](https://cdn.ziffstatic.com/adchoices/adchoices.png)
[Editorial Standards](https://corp.ign.com/standards-and-practices ""Editorial Standards"")[Do Not Sell My Personal Information](https://corp.ign.com/ccpa ""Do Not Sell My Personal Information"")[Site Map](https://corp.ign.com/sitemap ""Site Map"")[Boards](https://www.ignboards.com/ ""Boards"")[Contact Support](https://corp.ign.com/contact ""Contact Support"")
Advertise With IGN
©2025 IGN a brand of IGN Entertainment, Inc. All Rights Reserved. No part of this website or its content may be reproduced without the copyright owner’s permission. IGN® and IGN Entertainment are trademarks or registered trademarks of IGN Entertainment, Inc.
### News
[All News](https://www.ign.com/news ""All News"")[Columns](https://www.ign.com/columns ""Columns"")[PlayStation](https://www.ign.com/playstation ""PlayStation"")[Xbox](https://www.ign.com/xbox ""Xbox"")[Nintendo](https://www.ign.com/nintendo ""Nintendo"")[PC](https://www.ign.com/pc ""PC"")[Mobile](https://www.ign.com/mobile ""Mobile"")[Movies](https://www.ign.com/movies ""Movies"")[Television](https://www.ign.com/tv ""Television"")[Comics](https://www.ign.com/comics ""Comics"")[Tech](https://www.ign.com/tech ""Tech"")
### Reviews
[All Reviews](https://www.ign.com/reviews ""All Reviews"")[Editor's Choice](https://www.ign.com/editors-choice ""Editor's Choice"")[Game Reviews](https://www.ign.com/reviews/games ""Game Reviews"")[Movie Reviews](https://www.ign.com/reviews/movies ""Movie Reviews"")[TV Show Reviews](https://www.ign.com/reviews/tv ""TV Show Reviews"")[Tech Reviews](https://www.ign.com/reviews/tech ""Tech Reviews"")
### Discover
### Videos
[Original Shows](https://www.ign.com/watch ""Original Shows"")[Popular](https://www.ign.com/videos?filter=popular ""Popular"")[Trailers](https://www.ign.com/videos?filter=trailers ""Trailers"")[Gameplay](https://www.ign.com/videos?filter=gameplay ""Gameplay"")[All Videos](https://www.ign.com/videos ""All Videos"")
### Account
[Profile](https://www.ign.com/account/settings ""Profile"")[Login Settings](https://www.ign.com/account/security ""Login Settings"")[Subscription](https://www.ign.com/account/subscription ""Subscription"")[Newsletters](https://www.ign.com/account/email-preferences ""Newsletters"")
### 20Q #XX: undefined
Register to keep your streak
Create a free account or Log in.
Try to guess the video game: In the input field, type a question that could be answered ""yes"" or ""no"". You can ask up to 20 questions before the game is over.
  

Quick tips to help you guess the answer faster
  * Stick to questions that will be answered with “yes” or “no”
  * Any questions that you ask will count as part of your 20 questions
  * Try to guess the game with as few questions as possible
  * Get an ad-free experience with IGN Plus and gain access to all previous games


Join
If you buy through our links, IGN may earn an affiliate commission. [Learn more](https://www.ziffdavis.com/terms-of-use#endorsement).
# The Last of Us: Part I and Part II Scripts Are Releasing in a Hardcover Book, Now Available to Preorder
## It even has a tiny discount.
![Hannah Hoolihan Avatar](https://assets-prd.ignimgs.com/avatars/5dacb56f933e880b27420a50/Enlight830-1629333774500.JPG?crop=1%3A1&width=21&format=jpg&auto=webp&quality=80)
By [Hannah Hoolihan](https://www.ign.com/person/hannah_hoolihan)
Updated: Jul 25, 2025 7:24 pm
[The Last of Us](https://www.ign.com/games/the-last-of-us-part-1) fans have a sweet little holiday treat heading their way. The Last of Us: Part I and Part II Scripts is a hardcover book featuring the scripts from both games, written by Neil Druckmann and Halley Gross. It's currently listed for $66.63 (a nice little 5% discount off its usual list price of $69.99), and will be officially released on December 16 this year ([see here at Amazon](https://zdcs.link/QxAK8b?object_uuid=84e1ecc8-2a31-43ca-bd8c-635408d4a546&t=article)). If you're a mega fan of the games who's looking to have these stories in your library, it's worth getting your preorder in now just in case it sells out.
## Preorder The Last of Us: Part I and Part II Scripts
[![The Last of Us: Part I and Part II Scripts](https://assets-prd.ignimgs.com/2025/07/25/the-last-of-us-part-i-and-part-ii-scripts-1753449717253.jpg?width=220&format=jpg&auto=webp&quality=80)](https://zdcs.link/QxAK8b?object_uuid=84e1ecc8-2a31-43ca-bd8c-635408d4a546&t=article ""The Last of Us: Part I and Part II Scripts"")
Out December 16
### The Last of Us: Part I and Part II Scripts
0
[ $69.99 save 5% $66.63 at Amazon](https://zdcs.link/QxAK8b?object_uuid=84e1ecc8-2a31-43ca-bd8c-635408d4a546&t=article)
The book's cover features a sleek black design with the title and author names in gold and the games' Cordyceps fungus spreading across the cover in white. Alongside both scripts for Part I and Part II, you'll also get the first game's DLC, Left Behind, to read as well. Some more features of this hardcover release include:
  * Art gallery with work by Naughty Dog principal character concept artist Hyoung Nam
  * A buckram-textured cover
  * Block printing along the pages edges that evokes the franchise’s iconic Cordyceps fungus


If you're a fan of the games looking to relive their stories as they were originally written, or someone who recently jumped into the games after [watching the show](https://www.ign.com/articles/the-last-of-us-season-3-planned-for-2027-and-could-be-the-series-end-hbo-boss-says), this seems like a worthy pick-up for a library. Beware of spoilers, though, if you've not experienced the games yet.
For even more gaming-related items that are worth picking up, check out our breakdowns of the best [PS5](https://www.ign.com/articles/best-playstation-ps5-deals), [Xbox](https://www.ign.com/articles/best-xbox-deals), [Nintendo Switch](https://www.ign.com/articles/best-nintendo-switch-deals), and [Nintendo Switch 2 deals](https://www.ign.com/articles/best-nintendo-switch-2-deals). In each of these, we've highlighted discounted games, accessories, and more that have caught are eye recently. Our overall breakdown of the [best video game deals](https://www.ign.com/articles/best-game-deals) includes even more discounts for PC gamers as well.
_Hannah Hoolihan is a freelancer who writes with the guides and commerce teams here at IGN._
### In This Article
[![The Last of Us Part 1](https://assets-prd.ignimgs.com/2022/06/09/the-last-of-us-part-1-button-1654791855870.jpg?crop=1%3A1%2Csmart&width=114&height=114&format=jpg&auto=webp&quality=80)](https://www.ign.com/games/the-last-of-us-part-1)
[The Last of Us Part 1](https://www.ign.com/games/the-last-of-us-part-1)
[Naughty Dog](https://www.ign.com/games/producer/naughty-dog-software ""Developers"")Sep 2, 2022
[![ESRB: Mature](https://kraken.ignimgs.com/_next/static/media/ESRBM.b7f4e9b7.svg)](https://www.ign.com/wikis/content-ratings/ESRB ""ESRB: M"")
[![PC](https://kraken.ignimgs.com/_next/static/media/PCPlatform.661d13cd.svg)](https://www.ign.com/games/platform/pc ""PC"")[![PlayStation 5](https://kraken.ignimgs.com/_next/static/media/PS5.54c85761.svg)](https://www.ign.com/games/platform/ps5 ""PlayStation 5"")
Rate this game
Related Guides
[Overview](https://www.ign.com/wikis/the-last-of-us-part-1 ""Overview"")[Tips and Tricks](https://www.ign.com/wikis/the-last-of-us-part-1/Tips_and_Tricks ""Tips and Tricks"")[Walkthrough](https://www.ign.com/wikis/the-last-of-us-part-1/Walkthrough ""Walkthrough"")[Left Behind](https://www.ign.com/wikis/the-last-of-us-part-1/Left_Behind ""Left Behind"")
[![Nintendo Rewrites Patent Mid-Case in Ongoing Lawsuit Against Palworld Dev Pocketpair](https://assets-prd.ignimgs.com/2024/01/31/palworld-success-1706726794699.jpg?crop=16%3A9&width=200&height=113&format=jpg&auto=webp&quality=80) 7h ago Nintendo Rewrites Patent Mid-Case in Ongoing Lawsuit Against Palworld Dev Pocketpair7h ago [](https://www.ign.com/games/palworld)[](https://www.ign.com/person/VerityTownsend) ](https://www.ign.com/articles/nintendo-rewrites-patent-mid-case-in-ongoing-lawsuit-against-palworld-dev-pocketpair-but-why)
[![South Park Feuds With White House After Season 27 Premiere Features Scathing Donald Trump Parody](https://assets-prd.ignimgs.com/2025/07/24/south-park-trump-and-satan-1753386866042.png?crop=16%3A9&width=200&height=113&format=jpg&auto=webp&quality=80) 18h ago South Park Feuds With White House After Season 27 Premiere Features Scathing Donald Trump Parody18h ago - Relax, guy. [](https://www.ign.com/tv/south-park)[](https://www.ign.com/person/MikeCripe) ](https://www.ign.com/articles/south-park-feuds-with-white-house-after-season-27-premiere-features-scathing-donald-trump-parody)
[![Dress to Impress Codes \(July 2025\)](https://assets-prd.ignimgs.com/2025/06/29/dti-seashells-summer-update-1751231967248.jpg?crop=16%3A9&width=200&height=113&format=jpg&auto=webp&quality=80) Jul 5, 2025 Dress to Impress Codes (July 2025)Jul 5, 2025 - Redeem these DTI codes for free outfits, accessories, and more! [](https://www.ign.com/games/dress-to-impress-roblox)[](https://www.ign.com/person/megkoepp) ](https://www.ign.com/articles/dress-to-impress-codes)
[](https://www.ign.com/ ""IGN"")
[Reviews](https://www.ign.com/reviews)•[Editor Columns](https://www.ign.com/columns)•[News](https://www.ign.com/news)•[Guides](https://www.ign.com/wikis)•[Upcoming Sales Events](https://www.ign.com/articles/all-upcoming-sales-events)•[How to Watch Guides](https://www.ign.com/events/how-to-watch)•[Board Game Reviews](https://www.ign.com/events/board-game-reviews)•[GTA 5 Cheats](https://www.ign.com/wikis/gta-5/GTA_5_Cheats_and_Secrets)•[IGN Store](https://store.ign.com/)•[Top Deals](https://www.ign.com/deals)•[Contact Us](https://corp.ign.com/contact)•[IGN YouTube](https://www.youtube.com/channel/UCKy1dAqELo0zrOtPkf0eTMw)•[HowLongToBeat](https://howlongtobeat.com/)•[IGN TikTok](https://www.tiktok.com/@ign)•[IGN Twitter](https://twitter.com/IGN)•[Map Genie](https://mapgenie.io/)•[Eurogamer](https://www.eurogamer.net/)•[Rock Paper Shotgun](https://www.rockpapershotgun.com/)•[VG247](https://www.vg247.com/)•[Maxroll](https://maxroll.gg/)•[Privacy Policy](https://www.ign.com/privacy-policy)•[Terms of Use](https://www.ziffdavis.com/terms-of-use)
","['https://www.ign.com/', 'https://www.ign.com/articles/where-to-preorder-the-last-of-us-part-1-and-part-2-scripts-hardcover-volume', 'https://www.ign.com/plus', 'https://www.ign.com/wikis', 'https://www.ign.com/maps', 'https://www.ign.com/playlist', 'https://store.ign.com/', 'https://www.ign.com/rewards', 'https://www.ign.com/privacy-policy', 'https://www.ign.com/?setccpref=ZA']",58,68,3944
