title,link,source,published,summary,Raw Blog Content,full_links
"Tech giants turning blind eye to child sex abuse, Australian watchdog says",https://www.aljazeera.com/economy/2025/8/6/tech-giants-turning-blind-eye-to-child-sex-abuse-australian-watchdog-says,Al Jazeera,2025-08-06 09:38:39,Commissioner’s recommendations for tech companies include measures that have been criticised on privacy grounds.,"Advertisement 
Skip links[Skip to Content](https://www.aljazeera.com/economy/2025/8/6/tech-giants-turning-blind-eye-to-child-sex-abuse-australian-watchdog-says#main-content-area)
[](https://www.aljazeera.com/)
[play Live ](https://www.aljazeera.com/live)
Sign upEnrich your Al Jazeera experience by signing in or creating an account.Close Tooltip
Close navigation menu
Navigation menu
  * [News](https://www.aljazeera.com/news/)Show more news sections
    * [Africa](https://www.aljazeera.com/africa/)
    * [Asia](https://www.aljazeera.com/asia/)
    * [US & Canada](https://www.aljazeera.com/us-canada/)
    * [Latin America](https://www.aljazeera.com/latin-america/)
    * [Europe](https://www.aljazeera.com/europe/)
    * [Asia Pacific](https://www.aljazeera.com/asia-pacific/)
  * [Middle East](https://www.aljazeera.com/middle-east/)
  * [Explained](https://www.aljazeera.com/tag/explainer/)
  * [Opinion](https://www.aljazeera.com/opinion/)
  * [Sport](https://www.aljazeera.com/sports/)
  * [Video](https://www.aljazeera.com/videos/)
  * MoreShow more sections
    * [Features](https://www.aljazeera.com/features/)
    * [Economy](https://www.aljazeera.com/economy/)
    * [Human Rights](https://www.aljazeera.com/tag/human-rights/)
    * [Climate Crisis](https://www.aljazeera.com/climate-crisis)
    * [Investigations](https://www.aljazeera.com/investigations/)
    * [Interactives](https://www.aljazeera.com/interactives/)
    * [In Pictures](https://www.aljazeera.com/gallery/)
    * [Science & Technology](https://www.aljazeera.com/tag/science-and-technology/)
    * [Podcasts](https://www.aljazeera.com/audio/podcasts)
    * [Travel](https://www.aljazeera.com/travel)


[play Live ](https://www.aljazeera.com/live)
Click here to searchsearch
Sign upEnrich your Al Jazeera experience by signing in or creating an account.Close Tooltip
Navigation menucaret-left
  * [Trending](https://www.aljazeera.com/economy/2025/8/6/tech-giants-turning-blind-eye-to-child-sex-abuse-australian-watchdog-says)
  * [War on Gaza](https://www.aljazeera.com/israel-palestine-conflict)
  * [Donald Trump](https://www.aljazeera.com/tag/donald-trump/)
  * [Russia-Ukraine war](https://www.aljazeera.com/tag/ukraine-russia-crisis/)

caret-right
[Economy](https://www.aljazeera.com/economy/)|[Technology](https://www.aljazeera.com/tag/technology/)
# Tech giants turning blind eye to child sex abuse, Australian watchdog says
Commissioner’s recommendations for tech companies include measures that have been criticised on privacy grounds.
![Google and Facebook logos and Australian flag are displayed in this illustration taken, February 18, 2021. REUTERS/Dado Ruvic/Illustration](https://www.aljazeera.com/wp-content/uploads/2025/08/2021-02-18T000000Z_1244041428_RC2BVL9G5T0J_RTRMADP_3_AUSTRALIA-MEDIA-FACEBOOK-1754459720.jpg?resize=770%2C513&quality=80)
Google and Facebook logos and the Australian flag are displayed in an illustration on February 18, 2021 [Dado Ruvic/Reuters]
  * [![John Power](https://www.aljazeera.com/wp-content/uploads/2020/09/jp-1730786685-rotated.jpg?resize=96%2C96&quality=80)](https://www.aljazeera.com/author/powerj)
By [John Power](https://www.aljazeera.com/author/powerj)


Published On 6 Aug 20256 Aug 2025
Save articles to read later and create your own reading list. Close Tooltip
Australia’s internet watchdog has accused tech giants including Google and Apple of failing to take action against child sex abuse on their platforms.
In a report released on Wednesday, eSafety Commissioner Julie Inman Grant said tech platforms were failing to implement various measures to protect children, including scanning cloud services for known abuse material and using language analysis tools to detect attempted sexual extortion in messaging services.
## Recommended Stories
list of 4 itemslist 1 of 4
### [The Take: What Trump’s tariffs mean for Shein and Temu shoppers](https://www.aljazeera.com/podcasts/2025/8/6/the-take-what-trumps-tariffs-mean-for-shein-and-temu-shoppers)
list 2 of 4
### [Australia’s Great Barrier Reef hit by record bleaching as oceans warm](https://www.aljazeera.com/news/2025/8/6/australias-great-barrier-reef-hit-by-record-bleaching-as-oceans-warm)
list 3 of 4
### [Russia, China naval forces to carry out joint Asia Pacific patrol: Report](https://www.aljazeera.com/news/2025/8/6/russia-china-naval-forces-to-carry-out-joint-asia-pacific-patrol-report)
list 4 of 4
### [US-India relations hit new low despite Trump-Modi bromance: What’s next?](https://www.aljazeera.com/news/2025/8/6/us-india-relations-hit-new-low-despite-trump-modi-bromance-whats-next)
end of list
Grant said that Apple and YouTube, which is owned by Google, also failed to track reports of child sex abuse and could not say how long it took them to respond to the reports they received.
“It shows that when left to their own devices, these companies aren’t prioritising the protection of children and are seemingly turning a blind eye to crimes occurring on their services,” Grant said in a statement.
“We need to keep the pressure on the tech industry as a whole to live up to their responsibility to protect society’s most vulnerable members from the most egregious forms of harm and that’s what these periodic notices are designed to encourage.”
Grant added that the companies had taken few steps to improve their efforts since being asked three years ago, “despite the promise of AI to tackle these harms and overwhelming evidence that online child sexual exploitation is on the rise”.
“No other consumer-facing industry would be given the licence to operate by enabling such heinous crimes against children on their premises, or services,” she said.
Advertisement 
Google disputed the report’s findings, saying they were rooted in “reporting metrics, not online safety performance” and that more than 99 percent of abuse material on YouTube is automatically removed before being flagged.
“Child safety is critical to us,” a Google spokesperson said.
“We’ve led the industry fight against child sexual abuse material since day one, investing heavily in advanced technology to proactively find and remove this harmful content.”
### Sign up for Al Jazeera
#### Breaking News Alert
Get real-time breaking news alerts and stay up-to-date with the most important headlines from around the globe.
Subscribe
![](https://www.aljazeera.com/static/media/error-icon.c8fb9e1b.svg)Your subscription failed. Please try again.
![](https://www.aljazeera.com/static/media/right-mark-icon.3a446adc.svg)Please check your email to confirm your subscription
By signing up, you agree to our 
protected by reCAPTCHA
Apple, Microsoft, Meta, Snap, and Discord, which were also included in the report, did not respond to requests for comment.
Tom Sulston, head of policy at Digital Rights Watch, said that while it was important for authorities to take action against online child abuse, some of the tools supported by the internet watchdog would raise serious civil liberties and privacy concerns.
Sulston said that scanning live calls and private messages would require platforms to abandon end-to-end encryption, which prevents communications from being viewed by anyone apart from the sender and receiver.
“That’s a gross invasion of privacy for all of the people making perfectly innocent and reasonable use of the service,” Sulston told Al Jazeera.
“It also has dangerous knock-on effects where the users of that service would be subject to surveillance from hostile actors – foreign governments, criminals, hackers. That’s a huge risk for civic society, activists, journalists and anyone who communicates on the internet.
Breaking encryption would be “disproportionate and dangerous,” Sulston added.
“We don’t expect the post office to open all letters and read them for illegal content – in fact, most countries have laws specifically against this,” he said.
Source: Al Jazeera
* * *
Advertisement 
* * *
  * ## About
AboutShow more
    * [About Us](https://www.aljazeera.com/about-us)
    * [Code of Ethics](https://www.aljazeera.com/code-of-ethics/)
    * [Terms and Conditions](https://www.aljazeera.com/terms-and-conditions/)
    * [EU/EEA Regulatory Notice](https://www.aljazeera.com/eu-eea-regulatory/)
    * [Cookie PreferencesCookie preferences](https://www.aljazeera.com/economy/2025/8/6/tech-giants-turning-blind-eye-to-child-sex-abuse-australian-watchdog-says#cookiesPreferences)
    * [Sitemap](https://www.aljazeera.com/sitemap)
  * ## Connect
ConnectShow more
    * [User Accounts Help](https://www.aljazeera.com/user-accounts-help)
    * [Stay Connected](https://www.aljazeera.com/stay-connected)
    * [Newsletters](https://www.aljazeera.com/newsletters)
    * [TV Schedule](https://www.aljazeera.com/schedule/)
    * [Podcasts](https://www.aljazeera.com/podcasts/)
  * ## Our Channels
Our ChannelsShow more
    * [Al Jazeera English](https://www.aljazeera.com/)
  * ## Our Network
Our NetworkShow more
    * [Al Jazeera Centre for Public Liberties & Human Rights](http://liberties.aljazeera.com/en)


Follow Al Jazeera English:
  * [rss](https://www.aljazeera.com/xml/rss/all.xml)


![Al Jazeera Media Network logo](https://www.aljazeera.com/static/media/aj-footer-logo.bac952ad.svg)
© 2025 Al Jazeera Media Network
## You rely on Al Jazeera for truth and transparency
We use cookies and other tracking technologies to deliver and personalize content and ads, enable features, measure site performance, and enable social media sharing. You can choose to customize your preferences.
Cookie preferences Allow all
","['https://www.aljazeera.com/economy/2025/8/6/tech-giants-turning-blind-eye-to-child-sex-abuse-australian-watchdog-says', 'https://www.aljazeera.com/', 'https://www.aljazeera.com/live', 'https://www.aljazeera.com/news', 'https://www.aljazeera.com/africa', 'https://www.aljazeera.com/asia', 'https://www.aljazeera.com/us-canada', 'https://www.aljazeera.com/latin-america', 'https://www.aljazeera.com/europe', 'https://www.aljazeera.com/asia-pacific']"
